Exchange,Stage,ADF_Stationary_%,KPSS_Stationary_%,Autocorrelated_%,Normal_%,LogNormal_%,Avg_Skewness,Avg_Kurtosis,Linear_Trend_%
FX,log_differenced,100.0,100.0,76.31578947368422,0.0,0.0,-0.16945714671789805,9.483748385071577,0.0
FX,raw,5.263157894736842,0.0,100.0,5.263157894736842,0.0,0.1148414520573748,-0.5625192469575875,100.0
JPX,log_differenced,100.0,100.0,83.33333333333334,0.0,0.0,-0.5614358599285475,7.111999371215774,0.0
JPX,raw,0.0,0.0,100.0,0.0,0.0,0.8141686075741564,0.06060543900161367,100.0
LME,log_differenced,100.0,100.0,0.0,0.0,0.0,-0.05567521429250619,1.862732674445387,0.0
LME,raw,25.0,25.0,100.0,0.0,25.0,0.3093443442370432,0.09686043208016226,100.0
US,log_differenced,100.0,98.93617021276596,81.91489361702128,0.0,0.0,-0.7393840280403561,18.7646922309994,0.0
US,raw,1.0638297872340425,1.0638297872340425,100.0,0.0,1.0638297872340425,0.328117279112785,-0.506857561655199,100.0
