Metric,Raw Data (%),Transformed Data (%)
Stationary (ADF),2.8169014084507045,100.0
Stationary (KPSS),1.4084507042253522,99.29577464788733
Autocorrelated,100.0,78.16901408450704
Normal,1.4084507042253522,
Log-Normal,1.4084507042253522,
